"Name","Email","Role","CreatedAt"
,"a@gmail.com","USER","2025-05-27T16:33:25.660Z"
"Youssef Khaled","b@gmail.com","User","2025-05-27T16:42:23.356Z"
"Youssef Khaled","bc@gmail.com","User","2025-05-27T16:51:41.373Z"
"Youssef Khaled","ac@gmail.com","User","2025-05-27T17:16:51.163Z"
"Youssef Khaled","cc@gmail.com","User","2025-05-27T17:22:32.023Z"
"Youssef Khaled","zc@gmail.com","User","2025-05-27T17:27:51.970Z"
"Youssef Khaled","nc@gmail.com","User","2025-05-27T17:36:12.500Z"
"Youssef Khaled","kc@gmail.com","User","2025-05-27T17:39:51.690Z"
"Youssef Khaled","rc@gmail.com","User","2025-05-27T17:40:31.490Z"
"Youssef Khaled","vc@gmail.com","User","2025-05-27T17:50:38.853Z"
"Youssef Khaled","yc@gmail.com","Admin","2025-05-27T17:51:14.966Z"
"Youssef Khaled","sc@gmail.com","User","2025-05-27T17:52:13.223Z"
"Youssef Khaled","sb@gmail.com","User","2025-05-31T19:54:59.746Z"
"Youssef Khaled","kingaosha9@gmail.com","User","2025-05-31T21:16:37.286Z"
"Joe Khaled","joekhaledt1@gmail.com","User","2025-05-31T21:39:22.933Z"
"Youssef Khaled","yousef.khaled.1280@gmail.com","User","2025-05-31T21:41:07.736Z"
"Youssef Khaled","soc@gmail.com","User","2025-06-07T21:14:01.800Z"
"Youssef Khaled","srs@gmail.com","User","2025-06-12T18:34:54.616Z"